img_path,desc
./imgs/2.jpg,"The image shows three individuals who seem to be engaged in a collaborative work setting. They are gathered around a laptop on a desk, suggesting they may be discussing a project or work-related content on the screen. One of them, who is positioned closest to the laptop, appears to be typing or navigating the laptop. The three people are dressed in business casual attire, with two women and one man in the scene. All of them are focusing on the laptop screen with interested and engaged expressions. They are located in a room with a large window, through which a cityscape with high-rise buildings can be seen, indicating that the setting is likely an office environment. The presence of daylight suggests the picture was taken during daytime hours. The overall atmosphere is professional and collaborative."
./imgs/3.jpg,"This is an image of a celebratory event, likely a wedding reception, given the attire of the individuals in the picture. In the center of the image, there is a young boy blowing out candles on a birthday cake, drawing attention to the added celebration of a birthday during the event. Surrounding the boy are several adults watching the moment, their expressions ranging from smiles to attentive gazes. Notably, on the right, there is a woman wearing a wedding dress, suggesting she is the bride. Others in the image are also dressed in formal attire, with the men wearing suits with boutonnieres, indicating their roles in the wedding party.

The table is decorated with flowers and glasses that suggest the serving of a formal meal. Additionally, there are wine glasses, beer glasses, and what appears to be a half-consumed bottle of wine or champagne on the table. Overall, there's a festive atmosphere typical of a joyous occasion such as a wedding combined with a birthday celebration."
./imgs/1.jpg,"The image shows a bright and cozy living area with a modern interior. On the floor, there is a man and a young girl laying down on their stomachs; they appear to be engaged in drawing or writing activities. The man is wearing glasses, a dark green shirt, and seems to be smiling at the girl. The girl, dressed in a pink top and blue skirt, is holding a pen and looking at the man, perhaps in conversation.

Behind them, on the blue couch accented with yellow cushions, a woman is sitting comfortably with her legs crossed, interacting with her smartphone. Her relaxed pose and the fact that she is not looking toward the camera suggest she is focused on the device.

There are stacks of books on the floor next to the man, which might indicate that the activity they are engaged in is educational or related to homework. The room has a large window with horizontal blinds that allow for plenty of natural light and there is a small white coffee table with potted plants, enhancing the homely atmosphere. The overall scene conveys a sense of domestic life, a family spending time together in a relaxed environment."
